<application>
  <component name="MaterialThemeConfig">
    <option name="version" value="2.10.6" />
    <option name="isContrastMode" value="true" />
    <option name="isCompactStatusBar" value="true" />
    <option name="isCompactTables" value="true" />
    <option name="darkTitleBar" value="true" />
    <option name="compactDropdowns" value="true" />
    <option name="userId" value="-433de7a1:1668944c451:-8000" />
    <option name="isWizardShown" value="true" />
    <option name="isCompactMenus" value="true" />
  </component>
</application>