<application>
  <component name="ProjectManager">
    <defaultProject>
      <component name="Encoding" addBOMForNewFiles="with NO BOM" />
      <component name="ProjectInspectionProfilesVisibleTreeState">
        <entry key="Project Default">
          <profile-state>
            <expanded-state>
              <State />
              <State>
                <id>Angular</id>
              </State>
              <State>
                <id>Assignment issuesJavaScript</id>
              </State>
              <State>
                <id>CSS</id>
              </State>
              <State>
                <id>File Watchers</id>
              </State>
              <State>
                <id>General</id>
              </State>
              <State>
                <id>GeneralJavaScript</id>
              </State>
              <State>
                <id>Internationalization</id>
              </State>
              <State>
                <id>Invalid elementsCSS</id>
              </State>
              <State>
                <id>JavaScript</id>
              </State>
              <State>
                <id>JavaScript function metricsJavaScript</id>
              </State>
              <State>
                <id>Kubernetes</id>
              </State>
              <State>
                <id>Potentially confusing code constructsJavaScript</id>
              </State>
              <State>
                <id>Probable bugsJavaScript</id>
              </State>
              <State>
                <id>RegExp</id>
              </State>
              <State>
                <id>TypeScript</id>
              </State>
              <State>
                <id>YAML</id>
              </State>
            </expanded-state>
          </profile-state>
        </entry>
      </component>
      <component name="PropertiesComponent">
        <property name="nodejs_interpreter_path.stuck_in_default_project" value="undefined stuck path" />
        <property name="nodejs_npm_path_reset_for_default_project" value="true" />
        <property name="settings.editor.selected.configurable" value="watcher.settings" />
      </component>
    </defaultProject>
  </component>
</application>