<application>
  <component name="VimSettings">
    <state version="4" enabled="false" />
    <globalmarks />
    <filemarks>
      <file name="$USER_HOME$/go/src/bitbucket.org/unchain/janus-go/docker-compose-bench.yml" timestamp="1539901437429">
        <mark key="[" line="15" column="30" />
        <mark key="]" line="15" column="29" />
        <mark key="^" line="15" column="29" />
        <mark key="." line="15" column="29" />
      </file>
      <file name="$USER_HOME$/go/src/bitbucket.org/unchain/janus-go/plugins/http.endpoint/meta.toml" timestamp="1539901454360">
        <mark key="[" line="5" column="4" />
      </file>
      <file name="$USER_HOME$/go/src/bitbucket.org/unchain/janus-go/pkg/plugin/ref3/endpoint_api.go" timestamp="1539901573369">
        <mark key="[" line="53" column="0" />
      </file>
      <file name="$USER_HOME$/go/src/bitbucket.org/unchain/connect-web/src/app/modules/adapter-template/components/adapter-template-detail/adapter-template-detail.component.html" timestamp="1539901678077">
        <mark key="[" line="136" column="0" />
      </file>
    </filemarks>
    <jumps />
    <registers>
      <register name=":" type="4">
        <text>q</text>
      </register>
    </registers>
    <search>
      <last-dir>0</last-dir>
      <show-last>false</show-last>
    </search>
    <history>
      <history-cmd>
        <entry>q</entry>
      </history-cmd>
    </history>
    <shortcut-conflicts>
      <shortcut-conflict owner="vim">
        <text>ctrl pressed B</text>
      </shortcut-conflict>
    </shortcut-conflicts>
  </component>
</application>