<keymap version="1" name="Default copy" parent="$default">
  <action id="CloseContent">
    <keyboard-shortcut first-keystroke="ctrl f4" />
    <keyboard-shortcut first-keystroke="ctrl w" />
  </action>
  <action id="Diff.FocusOppositePane" />
  <action id="Diff.FocusOppositePaneAndScroll" />
  <action id="EditorSelectWord" />
  <action id="NextTab">
    <keyboard-shortcut first-keystroke="alt right" />
    <keyboard-shortcut first-keystroke="ctrl tab" />
  </action>
  <action id="PreviousTab">
    <keyboard-shortcut first-keystroke="alt left" />
    <keyboard-shortcut first-keystroke="shift ctrl tab" />
  </action>
  <action id="Switcher" />
</keymap>